,City,Lat,lng,Max Temp,Humidity,Cloudiness,Wind Speed,Country,Date
0,rikitea,-23.12,-134.97,76.86,65,53,5.21,PF,1587144180
1,bytosh,53.82,34.09,36.66,74,88,6.67,RU,1587144180
2,tuktoyaktuk,69.45,-133.04,14.0,85,90,6.93,CA,1587144181
3,fereydun kenar,36.69,52.52,51.8,87,40,2.24,IR,1587144181
4,bethel,41.37,-73.41,48.99,33,1,14.99,US,1587144181
5,bredasdorp,-34.53,20.04,59.0,58,94,2.24,ZA,1587144181
6,xinyu,27.8,114.93,67.96,82,100,4.32,CN,1587144181
7,yunhe,34.08,119.72,49.23,73,2,5.48,CN,1587144181
8,guerrero negro,27.98,-114.06,70.47,43,19,7.47,MX,1587144165
9,lerwick,60.15,-1.15,46.4,70,16,3.36,GB,1587144181
10,pangnirtung,66.15,-65.71,5.0,77,90,11.41,CA,1587144140
11,yerbogachen,61.28,108.01,16.02,91,58,9.15,RU,1587144181
12,mandalgovi,45.76,106.27,48.76,24,94,16.15,MN,1587144144
13,harper,4.38,-7.72,82.4,85,94,10.94,LR,1587144181
14,palauig,15.44,119.9,80.2,73,75,4.72,PH,1587144145
15,ushuaia,-54.8,-68.3,57.2,47,22,17.22,AR,1587144124
16,laguna,38.42,-121.42,61.0,72,40,11.41,US,1587143863
17,manokwari,-0.87,134.08,79.88,73,53,2.66,ID,1587144182
18,ende,-8.84,121.66,81.55,76,10,1.92,ID,1587144182
19,mehran,33.12,46.16,57.2,41,39,2.24,IR,1587144182
20,jamestown,42.1,-79.24,33.01,86,90,9.17,US,1587144182
21,saldanha,-33.01,17.94,68.0,52,48,13.87,ZA,1587144128
22,flinders,-34.58,150.86,59.0,61,0,8.99,AU,1587144182
23,kaabong,3.48,34.15,68.22,57,99,3.83,UG,1587144182
24,khatanga,71.97,102.5,7.25,90,0,13.06,RU,1587144161
25,airai,-8.93,125.41,62.22,75,45,1.79,TL,1587144137
26,vao,-22.67,167.48,74.37,66,9,7.29,NC,1587144182
27,nadym,65.53,72.52,37.89,98,100,21.74,RU,1587144183
28,avarua,-21.21,-159.78,71.6,94,98,2.24,CK,1587144129
29,qaanaaq,77.48,-69.36,21.31,85,14,3.58,GL,1587144129
30,emerald,-23.53,148.17,66.2,77,69,3.76,AU,1587144140
31,bengkulu,-3.8,102.27,77.63,83,80,3.78,ID,1587144131
32,korla,41.76,86.15,61.43,33,43,6.13,CN,1587144183
33,launceston,-41.45,147.17,48.0,75,40,6.93,AU,1587144183
34,kapaa,22.08,-159.32,73.4,78,20,11.41,US,1587144183
35,castro,-24.79,-50.01,73.47,26,5,1.68,BR,1587143871
36,hermanus,-34.42,19.23,62.01,77,67,3.13,ZA,1587144127
37,busselton,-33.65,115.33,53.01,92,71,8.37,AU,1587144183
38,victoria,22.29,114.16,71.01,86,100,4.47,HK,1587144089
39,sechura,-5.56,-80.82,78.69,60,12,9.98,PE,1587144183
40,shingu,33.73,135.98,58.87,80,100,13.8,JP,1587144122
41,murmashi,68.82,32.81,33.8,86,75,6.71,RU,1587144183
42,pa sang,18.53,98.94,84.2,39,20,5.82,TH,1587144183
43,ilulissat,69.22,-51.1,32.0,87,40,12.75,GL,1587144183
44,faanui,-16.48,-151.75,82.85,69,88,6.91,PF,1587144183
45,albany,42.6,-73.97,48.99,23,90,5.01,US,1587144069
46,carnarvon,-24.87,113.63,75.2,94,36,5.82,AU,1587144184
47,galle,6.04,80.22,81.95,81,17,7.56,LK,1587144184
48,hobyo,5.35,48.53,84.96,73,13,11.43,SO,1587144184
49,saint-augustin,51.23,-58.65,29.3,89,94,15.3,CA,1587144184
50,sao felix do xingu,-6.64,-51.99,76.24,88,95,6.76,BR,1587144184
51,mataura,-46.19,168.86,46.99,94,100,1.99,NZ,1587144184
52,mae chan,20.15,99.85,79.0,73,81,4.7,TH,1587144184
53,tasiilaq,65.61,-37.64,39.2,86,90,19.46,GL,1587144184
54,souillac,-20.52,57.52,77.0,69,40,13.87,MU,1587144184
55,gravdal,68.12,13.5,37.4,64,40,8.05,NO,1587144137
56,tonj,7.27,28.68,90.23,14,29,1.59,SS,1587144184
57,portland,45.52,-122.68,63.0,45,0,2.1,US,1587144066
58,lanquin,15.57,-89.97,91.54,26,5,5.14,GT,1587144184
59,new norfolk,-42.78,147.06,50.0,72,66,7.0,AU,1587144184
60,port elizabeth,-33.92,25.57,64.4,88,41,8.05,ZA,1587143915
61,daru,-9.08,143.21,78.3,82,75,3.58,PG,1587144138
62,tiksi,71.69,128.87,-1.97,86,100,3.71,RU,1587144137
63,palmer,42.16,-72.33,48.99,28,40,12.75,US,1587144124
64,torbay,47.67,-52.73,39.99,38,75,17.22,CA,1587144123
65,salinopolis,-0.61,-47.36,82.35,72,99,2.93,BR,1587144185
66,hilo,19.73,-155.09,71.6,78,75,6.93,US,1587144132
67,wagrowiec,52.81,17.2,59.0,22,53,4.0,PL,1587144185
68,zhigansk,66.77,123.37,-5.04,89,12,14.12,RU,1587144140
69,marawi,8.0,124.29,65.86,67,7,4.36,PH,1587144143
70,hithadhoo,-0.6,73.08,84.81,72,36,7.27,MV,1587144066
71,whitehorse,60.72,-135.05,43.0,60,20,5.82,CA,1587144080
72,barvinkove,48.91,37.02,46.26,54,83,7.63,UA,1587144185
73,ulsteinvik,62.34,5.85,44.6,48,40,8.05,NO,1587144185
74,clyde river,70.47,-68.59,10.4,85,75,23.04,CA,1587144132
75,nata,8.33,-80.52,89.6,59,75,3.36,PA,1587144185
76,severo-yeniseyskiy,60.37,93.04,28.92,87,13,0.31,RU,1587144185
77,porto novo,6.5,2.6,84.2,83,40,10.29,BJ,1587144182
78,mar del plata,-38.0,-57.56,71.01,49,31,17.22,AR,1587144017
79,chifeng,42.27,118.96,46.69,43,0,9.4,CN,1587144185
80,mount gambier,-37.83,140.77,51.8,93,90,8.05,AU,1587144129
81,ondjiva,-17.07,15.73,77.54,34,56,1.97,AO,1587143894
82,necochea,-38.55,-58.74,82.0,43,7,15.01,AR,1587144186
83,upernavik,72.79,-56.15,27.81,91,7,1.9,GL,1587144186
84,thompson,55.74,-97.86,33.8,55,90,8.05,CA,1587144125
85,touros,-5.2,-35.46,82.4,83,40,10.29,BR,1587144186
86,inta,66.03,60.17,33.84,87,37,2.86,RU,1587144186
87,hetauda,27.43,85.03,64.4,93,75,5.82,NP,1587144186
88,dikson,73.51,80.55,7.57,90,2,5.06,RU,1587144170
89,punta arenas,-53.15,-70.92,55.4,66,4,13.87,CL,1587144186
90,zhezkazgan,47.8,67.71,54.45,33,50,9.46,KZ,1587144132
91,norman wells,65.28,-126.83,32.0,94,75,11.41,CA,1587144186
92,kovdor,67.57,30.48,32.04,87,90,9.01,RU,1587144186
93,douglas,41.3,-96.17,42.01,69,1,4.7,US,1587143975
94,mahebourg,-20.41,57.7,77.0,69,40,13.87,MU,1587144150
95,dombarovskiy,50.76,59.54,49.19,57,44,15.39,RU,1587144187
96,hobart,-42.88,147.33,50.0,53,75,20.8,AU,1587144019
97,buin,-33.73,-70.75,77.0,33,3,4.7,CL,1587144187
98,nanortalik,60.14,-45.24,29.86,92,100,19.28,GL,1587144187
99,lagoa,39.05,-27.98,60.26,73,74,6.93,PT,1587144130
100,leh,34.17,77.58,35.89,20,97,3.53,IN,1587144187
101,saint-philippe,-21.36,55.77,77.0,73,20,20.8,RE,1587144187
102,atuona,-9.8,-139.03,82.09,74,95,13.4,PF,1587144138
103,smithers,54.78,-127.17,46.4,81,90,14.99,CA,1587144187
104,vestmannaeyjar,63.44,-20.27,44.6,87,90,13.87,IS,1587144187
105,lompoc,34.64,-120.46,60.01,82,90,4.54,US,1587144123
106,vrangel,42.73,133.08,39.85,72,100,9.15,RU,1587144187
107,perth,-31.93,115.83,59.0,81,92,3.96,AU,1587144187
108,bemidji,47.47,-94.88,45.0,38,75,10.29,US,1587144187
109,sao filipe,14.9,-24.5,70.27,77,22,26.24,CV,1587144187
110,griffith,41.53,-87.42,35.6,100,90,8.05,US,1587144001
111,rajanpur,29.1,70.33,76.32,50,22,18.45,PK,1587144188
112,alofi,-19.06,-169.92,73.4,94,23,4.7,NU,1587144188
113,statesboro,32.45,-81.78,73.4,43,1,9.17,US,1587144188
114,kruisfontein,-34.0,24.73,56.73,85,42,3.0,ZA,1587144188
115,amapa,1.0,-52.0,84.76,66,87,2.84,BR,1587144188
116,kavieng,-2.57,150.8,81.7,76,67,8.16,PG,1587144188
117,port alfred,-33.59,26.89,64.99,89,28,1.99,ZA,1587144188
118,el paujil,1.57,-75.33,78.75,79,92,3.53,CO,1587144188
119,esperance,-33.87,121.9,59.0,82,53,13.87,AU,1587144188
120,vaini,-21.2,-175.2,73.4,88,20,5.82,TO,1587144188
121,aksarka,66.56,67.8,36.73,98,100,17.94,RU,1587144188
122,caravelas,-17.71,-39.25,80.53,81,30,17.0,BR,1587143900
123,ramsar,36.92,50.64,53.6,93,75,2.24,IR,1587144188
124,carauari,-4.88,-66.9,82.94,80,72,4.63,BR,1587144188
125,saint george,37.1,-113.58,63.0,30,1,4.7,US,1587144162
126,tura,25.52,90.22,70.14,82,58,4.23,IN,1587144119
127,kalaleh,37.38,55.49,55.4,87,90,4.7,IR,1587144189
128,skibbereen,51.55,-9.27,48.2,93,90,16.11,IE,1587144189
129,sao joao da barra,-21.64,-41.05,78.8,69,75,17.22,BR,1587144136
130,luderitz,-26.65,15.16,62.6,77,0,10.29,NA,1587144189
131,gouyave,12.16,-61.73,86.0,66,20,13.87,GD,1587144189
132,barrow,71.29,-156.79,10.4,85,90,16.11,US,1587144189
133,saskylakh,71.92,114.08,-2.92,87,8,6.08,RU,1587144189
134,yellowknife,62.46,-114.35,28.4,63,40,17.22,CA,1587144189
135,kloulklubed,7.04,134.26,78.8,88,75,5.82,PW,1587144142
136,buzmeyin,38.05,58.21,64.4,52,20,9.17,TM,1587144189
137,san quintin,30.48,-115.95,63.39,65,49,9.1,MX,1587144141
138,leningradskiy,69.38,178.42,9.16,94,99,3.18,RU,1587144135
139,bambous virieux,-20.34,57.76,77.0,69,40,13.87,MU,1587144189
140,shimoda,34.67,138.95,53.01,92,100,1.99,JP,1587144189
141,ostersund,63.18,14.64,37.4,51,32,12.75,SE,1587144189
142,nampula,-15.12,39.27,80.6,74,75,10.29,MZ,1587144190
143,vardo,70.37,31.11,35.6,93,75,20.8,NO,1587144125
144,cape town,-33.93,18.42,64.0,67,42,10.29,ZA,1587143967
145,krasnoarmeysk,51.02,45.7,40.69,68,25,9.82,RU,1587144190
146,evensk,61.95,159.23,10.92,86,77,8.55,RU,1587144145
147,dera bugti,29.03,69.15,78.31,29,0,5.06,PK,1587144143
148,yar-sale,66.83,70.83,36.77,98,100,19.39,RU,1587144141
149,coihaique,-45.58,-72.07,62.6,51,90,5.82,CL,1587144077
150,geraldton,-28.77,114.6,71.6,78,75,6.93,AU,1587144190
151,ketchikan,55.34,-131.65,48.2,87,90,16.11,US,1587144051
152,butaritari,3.07,172.79,82.4,80,89,15.9,KI,1587144190
153,bonfim,3.08,-59.95,94.98,36,85,2.75,BR,1587144190
154,provideniya,64.38,-173.3,31.26,96,100,14.85,RU,1587144190
155,puerto ayora,-0.74,-90.35,78.8,88,75,4.7,EC,1587144191
156,westport,41.14,-73.36,48.99,34,1,20.8,US,1587144129
157,dinguiraye,11.3,-10.72,98.2,21,17,4.92,GN,1587144191
158,la ronge,55.1,-105.28,42.8,52,90,11.41,CA,1587143994
159,burnie,-41.07,145.92,53.01,70,61,15.01,AU,1587144191
160,payo,-3.75,103.64,74.08,85,89,1.79,ID,1587144145
161,tuatapere,-46.13,167.68,46.99,94,99,1.99,NZ,1587144191
162,ancud,-41.87,-73.82,59.0,100,90,14.99,CL,1587144191
163,byron bay,-28.65,153.62,71.6,94,40,8.05,AU,1587144191
164,bolanos de calatrava,38.91,-3.66,64.99,64,100,5.99,ES,1587144191
165,bluff,-46.6,168.33,46.99,94,98,1.99,NZ,1587144191
166,mehamn,71.04,27.85,37.4,87,75,18.34,NO,1587144138
167,tonantins,-2.87,-67.8,86.02,72,92,2.66,BR,1587144191
168,longyearbyen,78.22,15.64,35.6,64,75,6.93,SJ,1587144129
169,cidreira,-30.18,-50.21,69.13,76,60,8.48,BR,1587144157
170,georgetown,5.41,100.34,84.0,94,20,3.36,MY,1587144129
171,barcelos,41.54,-8.62,63.0,82,40,11.41,PT,1587144191
172,kenitra,34.26,-6.58,68.0,68,40,13.87,MA,1587144192
173,vuktyl,63.86,57.31,32.36,91,57,8.77,RU,1587144180
174,omboue,-1.57,9.26,78.04,89,100,9.1,GA,1587144192
175,namibe,-15.2,12.15,73.53,69,11,8.66,AO,1587144192
176,itarema,-2.92,-39.92,82.51,81,98,6.08,BR,1587143851
177,dubbo,-32.25,148.62,48.2,87,75,4.7,AU,1587144192
178,morondava,-20.28,44.28,80.15,81,5,9.82,MG,1587144192
179,kodiak,57.79,-152.41,44.6,87,90,5.82,US,1587144145
180,kavaratti,10.57,72.64,84.97,68,0,7.43,IN,1587144127
181,ndioum,16.51,-14.65,102.2,14,40,4.7,SN,1587144192
182,kadyy,57.79,43.19,34.52,88,100,7.16,RU,1587144192
183,arraial do cabo,-22.97,-42.03,77.0,69,75,11.41,BR,1587144192
184,olafsvik,64.89,-23.71,43.57,89,98,23.69,IS,1587144130
185,praya,14.92,-23.51,80.6,47,20,19.46,CV,1587144192
186,salinas,36.68,-121.66,57.2,87,90,5.82,US,1587143995
187,vetlanda,57.43,15.08,50.0,27,2,11.41,SE,1587144192
188,mondlo,-27.98,30.72,56.89,68,8,4.12,ZA,1587144192
189,cherskiy,68.75,161.3,-2.2,90,26,6.22,RU,1587144192
190,kastamonu,41.5,33.67,50.07,51,57,2.62,TR,1587143920
191,magalia,39.81,-121.58,60.8,63,75,3.36,US,1587144193
192,port blair,11.67,92.75,83.57,73,56,1.79,IN,1587144122
193,codrington,-38.27,141.97,55.9,76,90,12.77,AU,1587144193
194,tessalit,20.2,1.01,95.41,11,38,6.87,ML,1587144193
195,canmore,51.08,-115.35,40.26,43,100,5.55,CA,1587144193
196,gwadar,25.12,62.33,80.55,66,0,9.73,PK,1587144193
197,ponta do sol,32.67,-17.1,64.0,64,41,5.99,PT,1587144193
198,denpasar,-8.65,115.22,82.4,100,20,1.12,ID,1587144187
199,sjovegan,68.87,17.85,35.6,74,75,24.16,NO,1587144193
200,nikolskoye,59.7,30.79,39.2,69,90,17.9,RU,1587144172
201,atar,20.52,-13.05,91.72,15,85,11.14,MR,1587144193
202,kenai,60.55,-151.26,39.0,93,90,4.7,US,1587144193
203,egvekinot,66.32,-179.17,9.48,90,99,14.27,RU,1587144130
204,kahului,20.89,-156.47,72.0,73,20,14.99,US,1587144137
205,port hardy,50.7,-127.42,48.2,81,75,6.93,CA,1587144193
206,spirit river,55.78,-118.84,42.8,87,90,9.17,CA,1587144193
207,santa maria da vitoria,-13.39,-44.19,83.53,58,23,6.26,BR,1587144194
208,coihueco,-36.62,-71.83,75.2,31,47,5.82,CL,1587144194
209,klaksvik,62.23,-6.59,46.4,65,75,5.82,FO,1587144194
210,bilibino,68.05,166.44,-2.24,85,12,4.76,RU,1587144194
211,padang,-0.95,100.35,78.08,77,67,3.67,ID,1587144138
212,salisbury,51.07,-1.8,52.0,87,98,16.11,GB,1587144194
213,naron,43.52,-8.15,63.0,64,19,15.01,ES,1587144194
214,abu zabad,12.35,29.25,84.24,10,11,10.49,SD,1587144194
215,mayo,38.89,-76.51,59.0,40,20,17.22,US,1587144194
216,varnavino,57.4,45.09,34.81,84,66,6.69,RU,1587144194
217,hirara,24.8,125.28,73.04,84,16,14.43,JP,1587144147
218,bac lieu,9.29,105.72,81.63,80,88,7.56,VN,1587144194
219,pacific grove,36.62,-121.92,57.2,76,90,8.05,US,1587144194
220,san antonio,29.42,-98.49,75.99,83,90,10.29,US,1587144101
221,misratah,32.38,15.09,62.6,74,0,12.3,LY,1587144194
222,maldonado,-34.67,-54.92,68.0,82,40,8.05,UY,1587144194
223,ercis,39.03,43.36,46.4,65,10,3.36,TR,1587144195
224,severo-kurilsk,50.68,156.12,28.9,95,98,16.08,RU,1587144195
225,taluya,5.81,125.17,80.01,73,18,7.63,PH,1587144195
226,kudahuvadhoo,2.67,72.89,85.86,70,13,7.72,MV,1587144066
227,ribeira grande,38.52,-28.7,64.4,68,20,10.29,PT,1587144195
228,sorong,-0.88,131.25,77.31,87,55,0.51,ID,1587144195
229,linxia,35.6,103.21,42.75,45,100,3.47,CN,1587144195
230,opuwo,-18.06,13.84,77.56,25,20,3.02,NA,1587144195
231,luganville,-15.53,167.17,76.69,87,100,6.02,VU,1587144195
232,sebina,-20.87,27.25,78.8,61,40,17.22,BW,1587144195
233,seoul,37.57,126.98,53.6,93,90,3.8,KR,1587144022
234,manicore,-5.81,-61.3,80.6,88,90,9.17,BR,1587144195
235,anloga,5.79,0.9,82.4,61,75,19.46,GH,1587144195
236,pavilosta,56.89,21.19,44.6,56,34,6.93,LV,1587144195
237,matara,5.95,80.54,80.15,84,15,4.52,LK,1587144142
238,chuy,-33.7,-53.46,69.98,60,29,5.57,UY,1587144195
239,akyab,20.15,92.9,77.04,82,7,2.62,MM,1587144196
240,santa fe,-31.63,-60.7,81.0,29,0,1.99,AR,1587144057
241,san patricio,19.22,-104.7,86.0,70,5,11.41,MX,1587144196
242,ballymena,54.86,-6.28,55.4,62,20,16.11,GB,1587144196
243,nome,64.5,-165.41,35.6,100,90,10.29,US,1587144196
244,nykoping,58.75,17.01,51.01,27,96,17.22,SE,1587144196
245,imbituba,-28.24,-48.67,80.6,44,20,2.24,BR,1587144196
246,fairbanks,64.84,-147.72,39.0,81,90,5.82,US,1587144138
247,pokhara,28.23,83.98,64.65,41,62,3.36,NP,1587144196
248,coquimbo,-29.95,-71.34,64.4,72,0,16.11,CL,1587144134
249,aranos,-24.13,19.12,78.84,16,29,1.5,NA,1587144196
250,faya,18.39,42.45,68.0,72,20,4.7,SA,1587144196
251,grafton,42.21,-71.69,48.0,33,47,5.01,US,1587144196
252,ryazan,54.62,39.74,35.01,88,100,1.99,RU,1587144197
253,chokurdakh,70.63,147.92,-14.39,90,51,3.71,RU,1587144197
254,bodden town,19.28,-81.25,87.8,70,20,9.17,KY,1587144197
255,constitucion,-35.33,-72.42,69.26,47,60,11.86,CL,1587143868
256,mangaratiba,-22.96,-44.04,75.2,73,90,10.29,BR,1587144197
257,cartagena,10.4,-75.51,93.2,52,20,14.99,CO,1587144197
258,bathsheba,13.22,-59.52,87.8,58,40,19.46,BB,1587144197
259,hofn,64.25,-15.21,46.4,87,90,17.22,IS,1587144197
260,buchanan,5.88,-10.05,84.52,75,79,10.16,LR,1587144197
261,buraydah,26.33,43.98,86.0,35,75,18.34,SA,1587144197
262,kargil,34.57,76.1,33.4,25,99,5.3,IN,1587143946
263,santiago del estero,-27.8,-64.26,81.57,32,0,10.47,AR,1587144197
264,kamaishi,39.27,141.88,45.27,76,100,7.25,JP,1587144197
265,rongcheng,30.63,117.85,61.11,66,74,4.25,CN,1587144197
266,dingle,11.0,122.67,80.44,78,3,8.19,PH,1587144143
267,taoudenni,22.68,-3.98,102.61,11,4,4.52,ML,1587144064
268,nhulunbuy,-12.23,136.77,77.0,88,74,8.01,AU,1587144198
269,aklavik,68.22,-135.01,28.4,79,90,2.24,CA,1587144143
270,lavrentiya,65.58,-171.0,27.88,97,100,9.31,RU,1587144125
271,iguatu,-6.36,-39.3,85.12,68,26,3.56,BR,1587144198
272,jieshi,22.81,115.83,71.26,87,89,1.9,CN,1587144198
273,alice springs,-23.7,133.88,64.4,48,6,5.82,AU,1587144198
274,port hawkesbury,45.62,-61.35,41.0,35,1,16.11,CA,1587144198
275,calabozo,8.92,-67.43,98.42,29,97,4.34,VE,1587144198
276,pevek,69.7,170.31,1.51,92,38,7.25,RU,1587144128
277,yangambi,0.81,24.43,72.93,84,57,6.35,CD,1587144198
278,bandarbeyla,9.49,50.81,82.27,75,26,11.83,SO,1587144123
279,lumphat,13.49,106.98,77.76,80,100,2.98,KH,1587144198
280,sao pedro da aldeia,-22.84,-42.1,78.8,78,75,8.05,BR,1587144198
281,oktyabrskiy,54.48,53.47,39.2,79,85,9.44,RU,1587144198
282,fortuna,40.6,-124.16,51.01,100,90,6.93,US,1587144137
283,aswan,24.09,32.91,77.32,20,25,14.63,EG,1587144170
284,srednebelaya,50.66,128.01,35.6,51,40,13.42,RU,1587144199
285,kaitangata,-46.28,169.85,52.0,86,100,23.0,NZ,1587144199
286,mareeba,-17.0,145.43,73.99,100,21,1.86,AU,1587144127
287,hasaki,35.73,140.83,55.4,87,75,13.87,JP,1587144199
288,linqing,36.85,115.71,54.36,49,92,3.6,CN,1587144199
289,zabol,32.25,67.25,51.53,41,69,4.63,AF,1587144199
290,petropavlovsk-kamchatskiy,53.05,158.65,26.6,100,5,4.47,RU,1587144199
291,mgandu,-5.95,34.13,63.57,63,29,4.56,TZ,1587144199
292,wau,7.7,28.0,89.35,16,64,0.81,SS,1587144199
293,asau,46.43,26.4,68.0,32,40,5.82,RO,1587144199
294,iisalmi,63.56,27.19,35.6,86,90,16.11,FI,1587144199
295,clemson,34.68,-82.84,68.0,48,40,6.93,US,1587144199
296,sisimiut,66.94,-53.67,28.69,91,76,14.88,GL,1587144199
297,dubovyy umet,52.98,50.29,42.8,81,75,11.18,RU,1587144200
298,lebu,-37.62,-73.65,65.59,75,99,8.7,CL,1587144200
299,talnakh,69.49,88.4,28.4,79,98,26.84,RU,1587144144
300,nicoya,10.15,-85.45,93.2,38,20,13.87,CR,1587144200
301,issoire,45.55,3.25,68.0,56,100,6.93,FR,1587144200
302,lobito,-12.35,13.55,79.12,83,33,3.76,AO,1587144200
303,bud,39.45,-86.18,46.99,93,90,12.75,US,1587144200
304,lokosovo,61.13,74.82,47.48,75,100,11.77,RU,1587144200
305,kiunga,-6.12,141.29,72.82,97,98,1.5,PG,1587144184
306,labuhan,-6.88,112.21,80.11,83,53,2.37,ID,1587144200
307,mbala,-8.84,31.37,63.73,60,97,4.61,ZM,1587144200
308,yulara,-25.24,130.99,71.6,35,64,5.82,AU,1587144200
309,beloha,-25.17,45.05,74.88,62,2,6.44,MG,1587144172
310,chapais,49.78,-74.85,26.6,53,90,11.41,CA,1587144181
311,yancheng,33.39,120.13,48.9,76,6,4.32,CN,1587144201
312,luau,-10.71,22.22,69.31,65,54,2.3,AO,1587144201
313,najran,17.49,44.13,87.8,31,20,9.17,SA,1587144143
314,saint-francois,46.42,3.91,68.0,49,100,3.36,FR,1587144137
315,basco,20.45,121.97,77.07,91,100,14.16,PH,1587144201
316,redmond,47.67,-122.12,59.0,48,21,1.01,US,1587144073
317,torrox,36.76,-3.95,63.0,78,84,1.01,ES,1587144201
318,araouane,18.9,-3.53,98.78,12,9,3.69,ML,1587144201
319,zhangye,38.93,100.45,47.55,38,79,5.32,CN,1587144201
320,loikaw,19.67,97.21,68.0,29,49,2.51,MM,1587144201
321,waddan,29.16,16.14,76.26,29,40,12.73,LY,1587144201
322,turinskaya sloboda,57.62,64.39,42.01,86,58,8.1,RU,1587144201
323,miles city,46.41,-105.84,48.2,31,1,20.8,US,1587144201
324,izhma,65.01,53.91,35.53,88,93,7.76,RU,1587144201
325,trofors,65.53,13.41,35.6,92,75,6.93,NO,1587144201
326,comodoro rivadavia,-45.87,-67.5,82.4,37,75,16.11,AR,1587144180
327,kiama,-34.68,150.87,59.0,58,0,11.41,AU,1587144202
328,iwanai,42.97,140.51,40.08,69,85,8.25,JP,1587144202
329,atbasar,51.8,68.33,53.67,38,99,16.73,KZ,1587144202
330,mattru,7.62,-11.83,85.17,71,58,9.01,SL,1587144202
331,quatre cocos,-20.21,57.76,77.0,69,40,13.87,MU,1587144202
332,kadoma,34.73,135.58,60.01,53,100,7.85,JP,1587144202
333,coxim,-18.51,-54.76,83.41,50,66,4.88,BR,1587144202
334,cabedelo,-6.98,-34.83,87.8,66,75,9.17,BR,1587144202
335,iqaluit,63.75,-68.51,10.4,55,75,2.24,CA,1587144144
336,east london,-33.02,27.91,68.9,68,11,8.55,ZA,1587144202
337,chumikan,54.72,135.31,26.13,95,100,7.47,RU,1587144148
338,pitimbu,-7.47,-34.81,87.8,66,75,9.17,BR,1587144202
339,havelock,34.88,-76.9,71.6,26,1,13.87,US,1587144202
340,bentiu,9.23,29.83,92.66,9,15,0.92,SS,1587144203
341,altamira,-3.2,-52.21,78.8,88,90,5.82,BR,1587144203
342,gat,31.61,34.76,66.99,24,8,7.43,IL,1587144145
343,mzimba,-11.9,33.6,63.59,61,16,5.57,MW,1587144203
344,margate,51.38,1.39,52.0,81,67,25.75,GB,1587144085
345,hambantota,6.12,81.12,83.21,77,50,6.11,LK,1587144203
346,jacareacanga,-6.22,-57.75,83.68,78,66,2.48,BR,1587144203
347,drayton valley,53.22,-114.99,38.01,74,100,11.01,CA,1587143962
348,tambopata,-12.73,-69.18,82.4,58,77,5.82,PE,1587144203
349,dolores,-36.31,-57.68,71.92,40,4,6.98,AR,1587144203
350,paramonga,-10.67,-77.83,77.0,64,37,12.08,PE,1587144203
351,sitka,57.05,-135.33,42.8,93,75,5.82,US,1587144203
352,chavakkad,10.53,76.05,86.0,84,40,4.7,IN,1587144203
353,inhambane,-23.86,35.38,77.0,83,20,11.63,MZ,1587144203
354,xiongzhou,25.12,114.3,68.79,80,79,2.46,CN,1587144204
355,apac,1.98,32.54,68.07,71,99,6.22,UG,1587144204
356,salalah,17.02,54.09,82.4,74,20,6.93,OM,1587144127
357,yurimaguas,-5.9,-76.08,73.4,88,40,3.36,PE,1587144204
358,wajima,37.4,136.9,54.3,78,100,13.38,JP,1587144204
359,coahuayana,18.73,-103.68,87.8,29,40,5.79,MX,1587144138
360,dir,35.21,71.88,51.39,45,100,2.17,PK,1587144204
361,sosnovo-ozerskoye,52.52,111.54,41.22,40,100,4.41,RU,1587144204
362,kangaatsiaq,68.31,-53.46,29.03,92,17,13.24,GL,1587144140
363,flagstaff,35.2,-111.65,57.0,22,1,14.99,US,1587144054
364,shubarshi,48.59,57.19,48.63,62,78,17.4,KZ,1587144204
365,amahai,-3.33,128.92,81.12,80,90,2.33,ID,1587144204
366,nsanje,-16.92,35.26,79.45,68,0,10.27,MW,1587144204
367,honiara,-9.43,159.95,77.0,94,40,2.24,SB,1587144174
368,kirakira,-10.45,161.92,79.52,79,83,4.7,SB,1587144205
369,hay river,60.82,-115.8,33.8,89,75,11.41,CA,1587144205
370,kimbe,-5.55,150.14,75.09,89,94,1.9,PG,1587144133
371,hohhot,40.81,111.65,44.6,30,85,2.24,CN,1587144205
372,halifax,44.65,-63.57,42.8,30,75,16.11,CA,1587143929
373,berlevag,70.86,29.09,37.4,93,75,23.04,NO,1587144127
374,narsaq,60.92,-46.05,30.2,74,75,13.87,GL,1587144205
375,vanavara,60.34,102.28,20.98,92,11,7.67,RU,1587144205
376,puerto del rosario,28.5,-13.86,69.8,68,40,4.7,ES,1587144146
377,leeton,-34.57,146.4,48.99,93,0,4.63,AU,1587144205
378,tuy hoa,13.08,109.3,78.13,86,62,4.9,VN,1587144205
379,belfast,54.58,-5.93,55.4,62,54,11.41,GB,1587144205
380,tazovskiy,67.47,78.7,33.94,95,100,17.05,RU,1587144144
381,pathein,16.78,94.73,76.15,81,32,6.11,MM,1587144205
382,chebenki,51.93,55.71,44.6,81,75,11.18,RU,1587144205
383,jumla,29.27,82.18,49.14,30,68,1.23,NP,1587144123
384,qaqortoq,60.72,-46.03,30.2,74,75,13.87,GL,1587144206
385,winchester,51.07,-1.32,54.0,81,92,18.34,GB,1587144206
386,niquero,20.04,-77.58,89.04,54,9,8.88,CU,1587144206
387,valparaiso,-33.04,-71.63,68.0,56,3,5.82,CL,1587144164
388,sonkovo,57.78,37.16,32.32,86,67,6.87,RU,1587144206
389,hami,42.8,93.45,61.12,23,60,6.53,CN,1587144129
390,tucson,32.22,-110.93,77.0,16,1,4.7,US,1587143908
391,san juan,-31.54,-68.54,85.08,20,0,8.57,AR,1587144206
392,joshimath,30.57,79.57,50.27,30,90,1.1,IN,1587144206
393,zilair,52.23,57.44,39.4,79,99,16.73,RU,1587144206
394,tukrah,32.53,20.58,59.09,74,0,9.66,LY,1587144206
395,bubaque,11.28,-15.83,78.84,71,39,22.41,GW,1587144206
396,natal,-5.79,-35.21,82.4,83,40,5.82,BR,1587144125
397,sulangan,11.14,123.72,82.02,78,6,12.19,PH,1587144206
398,dangriga,16.97,-88.23,90.0,66,20,6.93,BZ,1587144206
399,westlock,54.15,-113.87,46.4,81,75,12.75,CA,1587144206
400,dongli,23.57,116.82,68.0,94,84,2.24,CN,1587144206
401,luanda,-8.84,13.23,82.4,83,75,8.05,AO,1587144086
402,riverton,40.52,-111.94,48.0,45,1,5.82,US,1587144207
403,dilla,6.41,38.31,67.51,52,100,8.14,ET,1587144207
404,bloemfontein,-29.12,26.21,57.2,58,3,4.7,ZA,1587144207
405,iquique,-20.22,-70.14,69.8,73,20,20.8,CL,1587144207
406,gushikawa,26.35,127.87,69.8,77,1,3.36,JP,1587144207
407,tautira,-17.73,-149.15,80.6,74,75,5.82,PF,1587144128
408,dwarka,22.24,68.97,80.8,75,0,13.87,IN,1587144126
409,vaitape,-16.52,-151.75,83.66,69,88,6.78,PF,1587144207
410,meulaboh,4.14,96.13,78.24,83,100,5.53,ID,1587144126
411,terra santa,-2.1,-56.49,85.93,69,99,3.11,BR,1587144207
412,bargarh,21.33,83.62,87.8,15,65,3.49,IN,1587144207
413,komsomolskiy,40.43,71.72,60.8,59,83,4.7,UZ,1587144135
414,saint anthony,45.02,-93.22,46.99,30,20,9.17,US,1587144137
415,kolondieba,11.09,-6.89,103.32,9,71,5.19,ML,1587144208
416,shulan,44.42,126.95,48.87,78,97,5.14,CN,1587144208
417,verkhovazhye,60.75,42.05,30.54,97,98,4.43,RU,1587144208
418,lincoln,40.8,-96.67,37.0,74,1,6.93,US,1587144132
419,nyurba,63.28,118.33,5.49,93,43,4.83,RU,1587144208
420,marienburg,54.04,19.03,45.0,100,31,4.85,PL,1587144126
421,lasa,46.62,10.7,55.4,43,75,4.7,IT,1587144208
422,zimovniki,47.15,42.46,51.3,66,100,13.13,RU,1587144208
423,dagda,56.1,27.54,35.64,77,98,11.54,LV,1587144208
424,ostrovnoy,68.05,39.51,32.45,96,80,16.91,RU,1587144208
425,lata,40.16,-8.33,66.0,63,23,5.99,PT,1587144124
426,murray bridge,-35.12,139.27,57.0,81,79,3.0,AU,1587144208
427,emba,48.83,58.14,49.82,57,87,17.02,KZ,1587144208
428,okakarara,-20.58,17.43,73.99,27,61,6.64,NA,1587144068
429,tecoanapa,16.52,-98.75,89.92,42,88,10.49,MX,1587144208
430,saint-pierre,-21.34,55.48,77.0,73,20,20.8,RE,1587144209
431,nishihara,26.18,127.76,71.6,77,20,4.7,JP,1587144139
432,tanete,-3.94,119.78,77.68,87,84,2.64,ID,1587144155
433,paamiut,61.99,-49.67,29.14,87,100,7.02,GL,1587144209
434,ferrol,43.48,-8.24,63.0,64,16,15.01,ES,1587144209
435,kalemie,-5.95,29.19,73.49,64,39,1.16,CD,1587144209
436,avera,33.19,-82.53,71.6,37,1,11.41,US,1587144123
437,areka,7.07,37.7,66.18,51,99,3.24,ET,1587144209
438,ballina,-28.87,153.57,71.6,94,40,8.05,AU,1587144209
439,tabou,4.42,-7.35,82.13,86,87,10.25,CI,1587144209
440,san cristobal,7.77,-72.22,87.8,52,40,5.82,VE,1587144209
441,guapiles,10.22,-83.79,80.6,44,29,16.11,CR,1587144209
442,cayenne,4.93,-52.33,80.6,88,100,1.12,GF,1587144160
443,tupik,54.43,119.93,22.23,81,71,7.27,RU,1587144210
444,visby,57.64,18.3,46.99,67,39,6.93,SE,1587143942
445,matay,28.42,30.78,73.83,33,0,17.22,EG,1587144210
446,samarai,-10.62,150.67,79.52,81,98,3.69,PG,1587144210
447,huarmey,-10.07,-78.15,82.42,53,17,10.85,PE,1587144210
448,ola,59.58,151.28,18.12,95,100,13.65,RU,1587144210
449,rawson,-43.3,-65.1,83.25,30,51,19.6,AR,1587143858
450,jining,35.41,116.58,50.67,57,12,4.34,CN,1587144210
451,sarnen,46.9,8.25,71.6,43,20,5.82,CH,1587144210
452,banda aceh,5.56,95.32,79.83,76,99,2.33,ID,1587144210
453,baykit,61.67,96.37,29.5,95,84,2.21,RU,1587144137
454,bar,49.08,27.68,49.69,60,87,6.89,UA,1587144210
455,juneau,58.3,-134.42,43.0,87,90,5.82,US,1587144010
456,west bay,19.37,-81.42,87.8,70,20,9.17,KY,1587144210
457,krasnorechenskiy,44.63,135.35,35.55,70,100,0.58,RU,1587144210
458,baruun-urt,46.68,113.28,44.69,32,26,6.62,MN,1587144210
459,poum,-20.23,164.02,78.33,75,72,10.49,NC,1587144211
460,hervey bay,-25.3,152.85,75.0,88,95,9.17,AU,1587144211
461,pucallpa,-8.38,-74.55,82.4,54,75,8.05,PE,1587144211
462,los llanos de aridane,28.66,-17.92,69.8,64,20,4.7,ES,1587144125
463,kieta,-6.22,155.63,78.06,78,96,1.7,PG,1587144211
464,lappeenranta,61.06,28.19,36.0,80,90,13.87,FI,1587144211
465,iberia,29.95,-91.75,77.0,69,75,10.29,US,1587144211
466,kabanjahe,3.1,98.49,78.8,94,40,2.24,ID,1587144211
467,along,28.17,94.77,66.31,63,12,2.93,IN,1587144211
468,sabang,5.89,95.32,82.17,70,100,0.56,ID,1587144211
469,kapiri mposhi,-13.97,28.68,67.21,56,16,5.12,ZM,1587144211
470,roald,62.58,6.13,44.6,52,53,6.93,NO,1587144211
471,richards bay,-28.78,32.04,71.35,75,2,9.57,ZA,1587144211
472,pisco,-13.7,-76.22,77.0,69,54,8.05,PE,1587144211
473,nikolayevsk-na-amure,53.14,140.73,26.26,96,92,4.81,RU,1587144211
474,ampanihy,-24.7,44.75,75.81,54,6,5.66,MG,1587144211
475,pitkyaranta,61.57,31.48,36.32,85,94,12.75,RU,1587144211
476,okhotsk,59.38,143.3,12.24,85,3,6.17,RU,1587144212
477,leninskoye,47.94,132.62,43.29,76,52,3.71,RU,1587144212
478,vigrestad,58.57,5.7,48.2,45,0,6.93,NO,1587144212
479,ust-tsilma,65.44,52.15,34.65,94,98,8.12,RU,1587144212
480,gotsu,35.0,132.22,56.12,82,87,10.89,JP,1587144212
481,saint-georges,12.06,-61.75,86.0,66,20,13.87,GD,1587144212
482,acari,-15.43,-74.62,82.47,44,89,7.96,PE,1587144184
483,muli,2.92,73.57,85.86,70,16,7.96,MV,1587144066
484,mana,5.66,-53.78,83.93,72,67,9.08,GF,1587144212
485,san gabriel,34.1,-118.11,64.4,72,75,6.15,US,1587144212
486,brae,60.4,-1.35,46.4,81,41,5.82,GB,1587144212
487,wadi musa,30.32,35.48,55.58,41,3,10.0,JO,1587144212
488,ebolowa,2.9,11.15,73.54,77,100,3.04,CM,1587144212
489,marzuq,14.4,46.47,76.82,45,85,8.03,YE,1587144213
490,arman,59.7,150.17,16.45,95,100,12.1,RU,1587144213
491,den helder,52.96,4.76,48.2,66,0,14.99,NL,1587144213
492,kakching,24.48,93.98,61.5,70,2,0.4,IN,1587144213
493,dunedin,-45.87,170.5,51.01,95,100,1.99,NZ,1587144190
494,bilokurakyne,49.53,38.73,44.2,62,61,9.17,UA,1587144213
495,shyroke,47.69,33.26,53.6,34,100,11.18,UA,1587144213
496,kodinsk,58.69,99.18,32.11,89,91,7.61,RU,1587144213
497,andujar,38.04,-4.05,71.01,49,100,6.53,ES,1587144213
498,catuday,16.29,119.81,79.88,79,86,5.17,PH,1587144213
499,lubango,-14.92,13.49,62.71,50,56,1.48,AO,1587144147
500,kambove,-10.88,26.6,64.92,65,46,4.99,CD,1587144213
501,karlstad,59.38,13.5,48.99,29,14,11.41,SE,1587144213
502,chintamani,13.4,78.07,80.6,47,20,4.7,IN,1587144213
503,chiredzi,-21.05,31.67,74.23,71,4,9.75,ZW,1587144213
504,nouadhibou,20.93,-17.03,71.6,64,46,18.34,MR,1587144134
505,bayshore gardens,27.43,-82.59,84.99,74,90,6.93,US,1587144213
506,kostino,58.91,53.27,37.2,87,100,7.09,RU,1587144213
507,morki,56.43,48.99,38.5,91,100,8.32,RU,1587144214
508,sobolevo,54.43,31.9,37.06,72,88,9.93,RU,1587144141
509,katsuura,35.13,140.3,57.2,87,75,9.17,JP,1587144129
510,hinton,53.4,-117.59,38.28,62,100,3.94,CA,1587144214
511,lodja,-3.48,23.43,72.25,82,100,2.44,CD,1587144214
512,iracoubo,5.48,-53.2,83.12,74,45,11.32,GF,1587144214
513,date,42.47,140.87,40.91,76,96,8.14,JP,1587144214
514,plouzane,48.38,-4.62,62.6,67,75,9.17,FR,1587144214
515,palu,-0.89,119.87,76.46,79,75,2.73,ID,1587144214
516,churapcha,62.0,132.43,0.07,88,96,5.44,RU,1587144137
517,acopiara,-6.1,-39.45,83.71,68,50,3.24,BR,1587144214
518,neuquen,-38.95,-68.06,86.0,23,0,4.7,AR,1587144126
519,cacapava do sul,-30.51,-53.49,72.77,41,12,5.41,BR,1587144214
520,biak,-0.91,122.88,80.67,74,40,2.68,ID,1587144140
521,baker city,44.77,-117.83,51.8,29,1,3.36,US,1587144035
522,grindavik,63.84,-22.43,46.4,100,90,24.16,IS,1587144215
523,utinga,-5.82,-35.4,82.4,83,40,10.29,BR,1587144215
524,mezen,65.85,44.24,32.83,96,100,6.08,RU,1587144215
525,cabo san lucas,22.89,-109.91,79.0,44,5,6.93,MX,1587144215
526,novo lino,-8.91,-35.65,87.8,66,75,9.17,BR,1587144129
527,berdigestyakh,62.1,126.7,2.26,91,81,5.17,RU,1587144215
528,elbrus,43.26,42.64,34.0,38,45,2.82,RU,1587144215
529,muravlenko,63.79,74.52,39.45,90,100,18.61,RU,1587144215
530,mitsamiouli,-11.38,43.28,83.97,71,9,11.74,KM,1587144205
531,vila velha,-20.33,-40.29,82.0,74,75,17.22,BR,1587144164
532,saint-joseph,-21.37,55.62,77.0,73,20,20.8,RE,1587144215
533,abu samrah,35.3,37.18,66.22,41,45,6.35,SY,1587144215
534,ugoofaaru,5.67,73.0,85.98,72,30,10.49,MV,1587144066
535,san antero,9.37,-75.76,91.4,55,40,6.49,CO,1587144215
536,high level,58.52,-117.14,42.8,70,90,13.87,CA,1587144216
537,srednekolymsk,67.45,153.68,-4.18,91,98,7.58,RU,1587144129
538,puerto varas,-41.32,-72.99,59.0,93,90,20.8,CL,1587144216
539,west point,33.61,-88.65,73.4,56,20,12.75,US,1587144216
540,ewa beach,21.32,-158.01,73.4,69,20,8.05,US,1587144140
541,sangar,63.92,127.47,0.48,81,1,2.53,RU,1587144216
542,champerico,14.3,-91.92,91.4,46,20,6.93,GT,1587144216
543,ozernovskiy,51.5,156.52,30.06,95,100,13.18,RU,1587144216
544,maceio,-9.67,-35.74,87.8,66,75,9.17,BR,1587144216
545,batticaloa,7.71,81.69,81.68,80,54,8.59,LK,1587144216
546,lethem,3.38,-59.8,97.3,33,85,4.05,GY,1587144216
547,impfondo,1.64,18.07,78.12,75,95,4.14,CG,1587144216
548,sulzbach-rosenberg,49.5,11.75,73.0,37,1,5.82,DE,1587144117
549,harnai,30.1,67.94,70.05,31,7,5.66,PK,1587144217
550,husavik,66.04,-17.34,50.0,61,81,27.51,IS,1587144135
551,waipawa,-41.41,175.52,59.0,87,71,12.75,NZ,1587144146
552,eenhana,-17.47,16.33,82.4,51,67,1.12,NA,1587144147
553,thongwa,16.76,96.53,80.6,83,71,10.29,MM,1587144217
554,ukhta,63.57,53.68,35.33,91,97,10.22,RU,1587144217
555,ravar,31.27,56.81,64.63,30,24,5.57,IR,1587144217
556,saint leonard,47.17,-67.92,37.0,57,78,5.01,CA,1587144022
557,yenagoa,4.92,6.26,81.05,85,90,5.26,NG,1587144217
558,bahia blanca,-38.72,-62.27,80.83,33,19,20.47,AR,1587144128
559,stockton-on-tees,54.57,-1.32,48.99,65,11,5.01,GB,1587144022
560,sovkhoznyy,45.29,38.11,50.0,76,100,17.9,RU,1587144217
561,te anau,-45.42,167.72,45.43,79,96,1.1,NZ,1587144131
562,nabire,-3.37,135.48,78.01,87,100,3.09,ID,1587144217
563,kibondo,-3.59,30.72,63.82,64,47,0.72,TZ,1587144217
564,castiglion fiorentino,43.34,11.92,72.0,45,38,1.01,IT,1587144217
565,buta,2.79,24.73,78.39,71,81,4.38,CD,1587144217
566,grand gaube,-20.01,57.66,77.0,69,40,13.87,MU,1587144218
567,carutapera,-1.2,-46.02,81.37,79,100,3.67,BR,1587144218
568,plymouth,41.83,-70.83,50.0,29,1,17.22,US,1587144111
569,taltal,-25.4,-70.48,72.86,55,5,7.09,CL,1587144141
570,manggar,-2.88,108.27,80.49,80,86,3.85,ID,1587144218
571,atambua,-9.11,124.89,75.36,82,42,2.98,ID,1587144218
572,chara,56.91,118.26,15.26,79,73,3.13,RU,1587144218
573,cururupu,-1.83,-44.87,78.82,90,94,6.24,BR,1587144218
574,baracoa,20.35,-74.5,81.32,73,28,14.34,CU,1587144218
